date,FCI-G Index (baseline),FFR,10Yr Treasury,Mortgage Rate,BBB,Stock Market,House Prices,Dollar
1990-03-30,0.258901765479771,-0.0408650946282613,-0.0116964398009721,-0.0166942523893304,0.0399651534799133,-0.195114431312623,-0.119457107089889,0.602763937220934
1990-06-29,0.229755805479965,-0.0244945451749086,0.00587571229503866,0.0187176379187537,0.0169756376802925,-0.287833267666234,-0.120847883380245,0.621362513807268
1990-09-28,0.334474732772713,-0.0224412172423621,0.00810579542245838,-0.0336287854688794,0.0126913776475949,0.0876344730790061,-0.114610234005672,0.396723323340567
1990-12-31,-0.108690284433514,-0.0584935985106122,0.0113230890020597,-0.0581348940363307,0.037337178730641,-0.144456780905761,-0.0943700718847752,0.198104793171264
1991-03-29,-0.536721340231075,-0.177129886717616,0.0108215295898865,-0.138916391782814,0.0269490817334781,-0.41996899447467,-0.0635319144656676,0.225055235886328
1991-06-28,-0.321040875284036,-0.192471758597966,0.018851167590912,-0.0905777681521526,-0.0311826257511391,-0.361138551944052,-0.053270336402979,0.388748997973341
1991-09-30,-0.440919311261183,-0.15790480896795,0.0246287930448613,-0.132533491297245,-0.0706525132292996,-0.434953407196415,-0.0490542790813792,0.379550395466245
1991-12-31,-0.820614803855624,-0.19034412223991,0.0275657191200261,-0.216773961764621,-0.114993383421615,-0.526342777700635,-0.0421464799217753,0.242420202072907
1992-03-31,-0.650098202932607,-0.214002301332257,0.0278010875543141,-0.142983077034964,-0.140801313763136,-0.390547746244538,-0.044598086383706,0.25503323427168
1992-06-30,-0.508277176046949,-0.179167616990487,0.0195208997956576,-0.126126523617754,-0.141037844908978,-0.291115540338864,-0.047960321675681,0.257609771689157
1992-09-30,-0.799896630169021,-0.177198557055868,0.0198246457286029,-0.224738727788656,-0.188713703056295,-0.284504659723542,-0.0517227445519411,0.107157116278679
1992-12-31,-0.583879622441161,-0.149747227591953,0.026684587763262,-0.11581451868277,-0.19696907753441,-0.395279300229277,-0.069902933160348,0.317148846994336
1993-03-31,-0.639674012956004,-0.105547202481593,0.0421873883936033,-0.206018915505719,-0.249920154684382,-0.47844875833525,-0.0877907170690724,0.445864346726409
1993-06-30,-0.678601798357987,-0.0813641170182647,0.0512130723309712,-0.194221579929574,-0.295250689760668,-0.440350625794639,-0.102448618566861,0.383820760381049
1993-09-30,-0.706955347065886,-0.0499763110265203,0.0559000370973128,-0.229043881261373,-0.32264703352148,-0.492550502938431,-0.119700733078013,0.451063077662619
1993-12-31,-0.525258635899729,-0.0459548529504307,0.0568309485083033,-0.159660281271134,-0.320101258442053,-0.421678981342487,-0.135500863713282,0.500806653311355
1994-03-31,-0.0393748329715652,-0.00436188108638922,0.0526230641858602,-0.0554065266652793,-0.265077410482475,-0.227058649364789,-0.145616048907758,0.605522619349265
1994-06-30,0.44923297483273,0.0674616795195824,0.0417104539902956,0.199293231375854,-0.148517439929611,-0.151020797683416,-0.151824937769856,0.592130785329882
1994-09-30,0.281296342075093,0.106261524579021,0.0277743351849202,0.162682636019874,-0.0914819452629624,-0.203830777317784,-0.153847699426979,0.433738268299003
1994-12-30,0.425689935049161,0.141740297736912,0.0106519671409024,0.241134053250006,-0.0106832348085431,-0.143462370262767,-0.140740803669154,0.327050025661805
1995-03-31,0.268327645550568,0.163813194788231,0.00239166673091433,0.0879361677623385,0.0118282531888159,-0.307424404362578,-0.122501432691727,0.432284200134572
1995-06-30,-0.365694591192509,0.135296578968782,0.00365892455407859,-0.104332380236577,-0.028176291213677,-0.449909565900711,-0.106984016436953,0.184752159072549
1995-09-29,-0.530333423103049,0.0765871435640636,-0.00165290681151163,-0.121278965732483,-0.0253770816991806,-0.572116114332768,-0.099007954426807,0.212512456335638
1995-12-29,-0.550761677070338,0.0500827759911271,0.00224266670765548,-0.168568526257338,-0.0533075690623369,-0.583328954130184,-0.0990491913501825,0.301167121030921
1996-03-29,-0.510499531659117,0.00360981906281994,-0.0037975935186069,-0.120760804902921,-0.0344566422490078,-0.614044467237217,-0.0975455077592035,0.35649566494502
1996-06-28,-0.257134006309374,-0.00421628742198406,-0.0141668538185591,0.0865183640329178,0.0342037730513931,-0.622695490911897,-0.088068994342873,0.351291483101629
1996-09-30,-0.283985960316282,0.00168722443201539,-0.019371664903351,0.06322985023557,0.0455021527206857,-0.604992040868996,-0.0838839517482397,0.313842469816033
1996-12-31,-0.546316056701015,-0.0013088210289674,-0.00882206193530204,-0.0452329533668965,-0.0104483533435966,-0.684145774101232,-0.0851347769116923,0.288776683986672
1997-03-31,-0.402213557788418,-0.00764116726677056,0.00460502114361314,-0.010580820134921,-0.0445618162665533,-0.637577821058749,-0.0877395269884919,0.381282572783455
1997-06-30,-0.651758957124719,0.0173964416241964,0.0210831199236494,0.00383879276090931,-0.0889033535697984,-0.900172444139339,-0.0943963843045923,0.389394870580255
1997-09-30,-0.860647686514436,0.0109006238584932,0.0278521756937563,-0.0922455078850333,-0.13353179983971,-0.987432419260665,-0.100206883163604,0.414016124082327
1997-12-31,-0.726836046965872,0.00543420791239434,0.0305762082606824,-0.121516276945281,-0.14965533368039,-0.907365652124215,-0.112095027300071,0.527785826911007
1998-03-31,-0.664516309115984,4.2982880044363e-6,0.0240123150675401,-0.116777373221338,-0.130364031775743,-1.01611567444367,-0.127926668585538,0.702650825554761
1998-06-30,-0.535859113976355,8.73777289947613e-4,0.0112551491126842,-0.07149879567182,-0.0820323604763848,-0.905917406260796,-0.137345059196932,0.648805581226946
1998-09-30,-0.116151074776827,0.00630614974659818,0.0105675541935653,-0.104658026021199,-0.0659026419468133,-0.492986623737346,-0.15219013456119,0.682712647549558
1998-12-31,-0.718849747484459,-0.0623706596163093,0.0175219484284005,-0.0908536054580103,-0.0589972765983335,-0.805146127300795,-0.162032486014817,0.443028459075406
1999-03-31,-0.71388206358324,-0.0538814774103569,0.0252963727019899,-0.044745813528535,-0.0591021941095962,-0.786098833004551,-0.172567631265339,0.377217513033148
1999-06-30,-0.754336612138949,-0.0409252426033839,0.030842995448695,0.0374168531675406,-0.0481222603939847,-0.85072366086177,-0.186050689498415,0.30322539260237
1999-09-30,-0.401293264722251,0.0109476619628553,0.0243809793397874,0.145808244843357,0.00602859199462261,-0.598698249141559,-0.193728570794734,0.203968077073419
1999-12-31,-0.737830960732545,0.0228083854914934,0.0153010762293776,0.11933714573694,0.0502853847296108,-0.835505487952616,-0.203708094596376,0.0936506296290259
2000-03-31,-0.578275338312011,0.0575141202511169,0.010514381792952,0.176851442649575,0.0831644856697029,-0.798082759202029,-0.190837213840996,0.0826002043676681
2000-06-30,-0.239067018777496,0.0921013607755128,0.00550571313447577,0.133923586659039,0.126478467294163,-0.553816353768271,-0.195568201070665,0.152308408198249
2000-09-29,-0.208021163340213,0.0896747673230827,-0.00314006255814253,0.0425787188527068,0.137785747465704,-0.446311587947134,-0.208598901360407,0.179990154883977
2000-12-29,0.0849209627204484,0.0619411347994138,-0.00559168011711372,-0.0545117072796366,0.146028542433202,-0.133310279930982,-0.223194570358836,0.293559523174401
2001-03-30,0.140828465888041,-0.0437955341073496,-0.00530118253658837,-0.16739236314265,0.0935958563564471,0.197307992711748,-0.227851840013048,0.294265536619481
2001-06-29,-0.0214372038018509,-0.153275224967497,-0.00739673034562358,-0.0881814235313373,0.0658902016934122,0.0348037068427461,-0.231560654993579,0.358282921500028
2001-09-28,0.161908764323847,-0.191450515843008,-0.00878259816967212,-0.107190073152174,0.024548114261121,0.379211295510795,-0.239346868622089,0.304919410338873
2001-12-31,-0.14841336267585,-0.264676089603864,-0.00412828664699603,-0.107900559040702,-0.00550297971863759,0.195279162787309,-0.239962161527894,0.278477551074935
2002-03-29,-0.0238676802693131,-0.226057511045541,0.0075315622764572,-0.0439777379395781,-0.0200496925920347,0.189702196995121,-0.227435350295954,0.296418852332215
2002-06-28,0.191908593957453,-0.163780688758471,0.0190178182162335,-0.0705690749199609,-0.0364199595923372,0.498465823161813,-0.223460911381599,0.168655587231774
2002-09-30,0.353639135103356,-0.119210396471049,0.0341727336387895,-0.166277764927062,-0.0827991521053004,0.876282589056456,-0.229945950816803,0.0414170767283252
2002-12-31,0.145993225096035,-0.121888391305472,0.044006179881243,-0.164605256920222,-0.131296484716088,0.721766409199068,-0.23614123618674,0.0341520051442457
2003-03-31,-0.0539871323830391,-0.111899333849589,0.0492776881641959,-0.173593543528311,-0.215856258332429,0.724470319094959,-0.226722929331742,-0.0996630746001221
2003-06-30,-0.754218147700533,-0.0810169951128597,0.0490537624873155,-0.1955564488264,-0.298055833642191,0.294535071903291,-0.229614760664682,-0.293562943845008
2003-09-30,-0.723429429044741,-0.077853570387587,0.0393713248316253,-0.0212723106451358,-0.269883636625302,0.144617938247454,-0.244202085452097,-0.294207089013698
2003-12-31,-1.17445210404586,-0.0521941415761741,0.0324087000909906,-0.0495536200676076,-0.265930466921454,-0.165329049671094,-0.257127375605623,-0.4167261502949
2004-03-31,-1.36220823132958,-0.0342681709420609,0.0276854442095376,-0.096356579585822,-0.257812666436649,-0.265498918081389,-0.261877539340668,-0.474079801152532
2004-06-30,-0.966721384859977,-0.0197373780096174,0.0236548134140053,0.0459081251450303,-0.191723840339062,-0.239160174825261,-0.286072036224788,-0.299590894020285
2004-09-30,-0.971391364423384,0.0290999242580588,0.0216005801059564,-0.0330269551258309,-0.185367521622504,-0.204909620382544,-0.322445150179594,-0.276342621476926
2004-12-31,-1.24626614956459,0.0717907687408419,0.0221070426043303,-0.040792791773951,-0.193713047549409,-0.358454234251777,-0.343913221054968,-0.40329066627966
2005-03-31,-1.15781638343877,0.103165074060637,0.0209106676917705,-0.0305688757007771,-0.177885131112439,-0.331635514481547,-0.352454028845707,-0.389348575050704
2005-06-30,-1.09877585322131,0.117467744512551,0.0148216145418053,-0.0304961238597509,-0.146122179232129,-0.410616340119317,-0.372413225991615,-0.271417343072857
2005-09-30,-1.07754880309068,0.134822914410199,0.00175859949354781,-0.0060412886128195,-0.109164198865232,-0.508204752492765,-0.392422727401077,-0.198297349622536
2005-12-30,-0.733741020581506,0.148202102693962,-0.00721175602595782,0.0961972456841866,-0.0227429333173048,-0.460994244318514,-0.390432200110523,-0.0967592351873549
2006-03-31,-0.724720087543432,0.155671280396006,-0.00963820087299793,0.0711856756503508,0.0315851242968234,-0.505982825252735,-0.357544341283567,-0.109996800477312
2006-06-30,-0.431910196296937,0.155065823613624,-0.0158212231228902,0.134181556127508,0.105240243263366,-0.330263359209511,-0.322228745876425,-0.158084491092609
2006-09-29,-0.450176459441951,0.145307897243692,-0.0120753315250738,0.0787327637904701,0.111016083898581,-0.345037514588649,-0.26192635976211,-0.166193998498862
2006-12-29,-0.575505920728325,0.103401355207015,-0.00909993859785286,-0.00267066441241808,0.0921336972309628,-0.404504860396065,-0.181869929925081,-0.172895579834886
2007-03-30,-0.490894625023619,0.0756431089103601,-0.0110387287833562,-0.00684753220241564,0.0949955600695428,-0.388289187156731,-0.100115593219391,-0.155242252641629
2007-06-29,-0.573410679582774,0.0521757261922018,-0.00692994543287458,0.0245295512229411,0.0820253626590718,-0.451976057185168,-0.0278526967533473,-0.245382620285599
2007-09-28,-0.507232845593815,0.0225432188701722,-0.0117197913976565,0.0616392924748496,0.106213513182083,-0.425695053298586,0.0466654491793878,-0.306879474604064
2007-12-31,-0.598979205630375,-0.044169044466761,-0.0110041256333406,-0.0288044595079572,0.0920201530203575,-0.273041687075278,0.119235272296383,-0.453215314263779
2008-03-31,-0.505112183185966,-0.164325545472989,-0.00382347367182125,-0.0911985278867668,0.0789197093838137,-0.0176243041775744,0.19273497228084,-0.499795013641469
2008-06-30,-0.362417150066795,-0.223775009676974,-2.9799953971978e-4,-0.0166810390439384,0.0852743490201046,0.0550928803943753,0.258766246308083,-0.520796577528726
2008-09-30,0.245913355544277,-0.171652065392911,0.00577213789527002,0.0286519162310212,0.115151640281427,0.280394702765755,0.321590917826914,-0.333995894063198
2008-12-31,1.47109408979858,-0.262799168113434,0.0180668129739614,-0.0829511380867568,0.295737952004803,0.836344525697463,0.37309184652049,0.293603258802058
2009-03-31,1.83095385902433,-0.21960373640411,0.0279758486212856,-0.227718339523798,0.289492905890463,1.05210930921757,0.399900177186893,0.508797694036026
2009-06-30,1.28029921850387,-0.16653911783187,0.0330923447804436,-0.164520520879834,0.199765028492231,0.650115984642006,0.3957997392617,0.332585760039191
2009-09-30,0.632838144069226,-0.117838720702485,0.029276030472675,-0.101797554059618,0.0561400500288168,0.275095429146084,0.370356402776277,0.121606506407476
2009-12-31,0.175241945432364,-0.0926014245938145,0.02792185404691,-0.118677515004245,-0.025083330033948,0.14678257383821,0.307780065620398,-0.0708802784411463
2010-03-31,-0.0258544243776792,-0.0663328595264217,0.0280649702649901,-0.0694082002168125,-0.0901133768104103,0.0274565383205146,0.217260332851179,-0.0727818292607186
2010-06-30,0.208100493465791,-0.0413049772123866,0.028144936089335,-0.0794408212006555,-0.127275034647323,0.305226356517176,0.125596497811677,-0.00284646389203145
2010-09-30,-0.238772463133243,-0.0269298796336842,0.0275602726173103,-0.151952537425502,-0.182414315510286,0.0508979644774834,0.0914015228093017,-0.0473354904678662
2010-12-31,-0.624260042194855,-0.0156792931820208,0.0238935871129868,-0.104694288007104,-0.204370280340697,-0.214564796824954,0.0875615238802199,-0.196406494833287
2011-03-31,-0.760809727326321,-0.0114124847051205,0.0165398725252518,0.00595471079995616,-0.208312286965902,-0.388099607669504,0.0936299491862356,-0.269109880497237
2011-06-30,-1.02874294677168,-0.0115863032666995,0.0179893283597202,-0.0406770966759911,-0.300093054666776,-0.413064950783262,0.117602981105583,-0.398913850844256
2011-09-30,-0.766748034549437,-0.00737214613358981,0.0184934799051094,-0.103659764685796,-0.366460696801982,-0.10675084804894901,0.137463308820591,-0.33846136760482
2011-12-30,-0.803941048695479,-0.00524220592662752,0.0217120099048819,-0.137648468409119,-0.415749296504873,-0.34727268300389,0.148027368733197,-0.0677677734890481
2012-03-30,-0.900772957885136,-1.90436511324859e-4,0.0255639957645404,-0.111455450091395,-0.349493080310721,-0.56004619346563,0.125614929237947,-0.0307667225085521
2012-06-29,-0.522497981087169,0.0043131768055273,0.0380513870059691,-0.110224171229963,-0.255491714987696,-0.367212846131383,0.0672631041138242,0.100803083336552
2012-09-28,-0.569750112129561,0.00193267459459491,0.0464706682378298,-0.133090055738144,-0.179559007606751,-0.42813020022091,0.00172979823173171,0.120896010372088
2012-12-31,-0.658256632361234,0.00266348570978495,0.0478097080025589,-0.137094254253848,-0.166967950119951,-0.37290988094242,-0.074753128491209,0.0429953877338502
2013-03-29,-0.843101859958372,-2.51684987848823e-4,0.0441367639035748,-0.0684013884409626,-0.144210757376536,-0.572090485711793,-0.158807825640275,0.0565235182954695
2013-06-28,-0.824512344260967,-0.00250243843231043,0.0362855183085979,-0.0134122846189967,-0.123089813422938,-0.581663736490758,-0.243699229211072,0.10356963960651
2013-09-30,-0.603499136906748,-0.00473427197882126,0.0243985844590188,0.15523920330968,-0.0553994087049436,-0.579288523548858,-0.295177634565275,0.151462914122451
2013-12-31,-0.83288650586792,-0.00299513708116036,0.0224675055868878,0.0736227777611187,-0.0519466346840532,-0.669700266987087,-0.314838387287269,0.110503636823643
2014-03-31,-0.7681959929241,-0.00330146258079469,0.0192624868226937,0.0750170290953641,-0.0602010966393988,-0.653857114286619,-0.307820910090506,0.16270507475516
2014-06-30,-0.935045760786871,-4.64402453636073e-4,0.00629920991748974,0.0181819225577148,-0.068864162575638,-0.699007898066978,-0.28965555955801,0.0984651293921863
2014-09-30,-0.85378791839884,-8.2787040455997e-4,-0.00707817012596126,0.00542625763025777,-0.0670122225972227,-0.647767340204781,-0.254047120851046,0.117518548154474
2014-12-31,-0.624261799015469,5.92829102783166e-4,-0.0123384560751789,-0.0368060106922438,-0.0556800477448339,-0.638304700243858,-0.205455489302363,0.323730075940226
2015-03-31,-0.257491822650576,0.00137944261389066,-0.0117738014164047,-0.0743397770140337,-0.0314455907788715,-0.557024783486513,-0.177092011910295,0.592804699341651
2015-06-30,-0.123317416564928,0.00218761285330554,-0.0148021387317337,-0.0262073093862579,-0.00826255299481496,-0.498221830853259,-0.164846459067513,0.586835261615345
2015-09-30,0.323446898742105,0.00253030716270768,-0.0150764043893112,0.00197920929573604,0.0395903807421898,-0.229162319626432,-0.16365929945745,0.687245025014665
2015-12-31,0.264552968706646,0.00439445227202324,-0.0120872456331399,-0.00671603476256785,0.0707882271595324,-0.295647078948704,-0.171953436649999,0.675774085269502
2016-03-31,0.302862286946001,0.0236492596907255,-9.1394618641219e-4,-0.0427481372879038,0.0728825607270269,-0.224259347917704,-0.181511288953285,0.655763186873554
2016-06-30,-0.00511506828112942,0.0168476848180606,0.00838980576701968,-0.0634433512008161,0.0102424050461015,-0.219591941456414,-0.185961487988624,0.428401816733542
2016-09-30,-0.14519163972683,0.0148775454970465,0.0231302306482963,-0.0791438906139129,-0.0447550704913376,-0.243379356916969,-0.182122141374756,0.366201043524803
2016-12-30,0.0142832158572292,0.0145647545210425,0.0209312949507556,0.029627306059577,-0.0140074492350249,-0.272996777848414,-0.187435913954009,0.423600001363301
2017-03-31,-0.00789751529214292,0.0368332118369242,0.0153614808455369,0.103364548806777,0.00620235383669665,-0.348933601093279,-0.192610979456892,0.371885469932094
2017-06-30,-0.264398304848675,0.0507680329864883,0.00952984063579378,0.0316649923478712,0.00155413004582851,-0.348997246561145,-0.199252416521352,0.190334362217839
2017-09-29,-0.575248126530434,0.0566807038185099,0.00346823271247499,0.0156892069366808,-0.0090791075721007,-0.395620307277772,-0.193157088454826,-0.0532297666934017
2017-12-29,-0.674840912708044,0.043826757313054,-0.00144769425413532,0.0166328712067858,-0.0126936414412626,-0.460405382929052,-0.19468051153023,-0.0660733110732044
2018-03-30,-0.667325917532336,0.0556229362183946,-0.00772141474666202,0.108790345517736,0.00782521891185307,-0.407293255323986,-0.203103641665856,-0.221446106443816
2018-06-29,-0.535968518870237,0.06825855271244,-0.00906123769268421,0.130389639504752,0.0321749701279467,-0.442507337664852,-0.204739812504343,-0.110483293353497
2018-09-28,-0.527091189928938,0.0685335592610018,-0.013677257300711,0.107516813976175,0.0238079411286116,-0.55735758928383194,-0.204731707996029,0.0488170502858455
2018-12-31,0.0635406567575096,0.0775482911311163,-0.0202558078660248,0.120816336612295,0.0570339477833098,-0.145146391025893,-0.189486103223776,0.163030383346483
2019-03-29,-0.358716354307027,0.0729423470606309,-0.0253029910317438,-0.013332654758963,0.0561319955173103,-0.392919653630593,-0.186217287445964,0.129981889982295
2019-06-28,-0.449160887919467,0.0518129990228276,-0.0217137358515247,-0.0802046136217485,0.0463329159946092,-0.429764454797686,-0.169986800065449,0.154362801399505
2019-09-30,-0.493426775196493,0.016390395366228,-0.0112775559871137,-0.144541283913895,0.00350550902297664,-0.386214541882749,-0.144279218320622,0.172989920518682
2019-12-31,-0.664010656372013,-0.0424244829026437,0.00252170680448506,-0.103391114806769,-0.0327398199521217,-0.492161358512542,-0.145173254203172,0.149357667200751
2020-03-31,-0.134393621787836,-0.070082761714238,0.0120580273083341,-0.157306923844097,-0.0315319490217246,0.0923720368892598,-0.163545306909784,0.183643255504413
2020-06-30,-0.474667215821661,-0.1661669011765,0.0202703377243674,-0.182028002110545,-0.0282023980496878,-0.284358141454443,-0.157598626017552,0.323416515262699
2020-09-30,-0.903822875717421,-0.110919921225955,0.0310186597541711,-0.222736090489788,-0.109107721268517,-0.420829810941055,-0.183555079935563,0.112307088389286
2020-12-31,-1.39162670314275,-0.0829903689078769,0.0403042514230611,-0.182446350220614,-0.150949062232472,-0.663056892255636,-0.28129334307485,-0.0711949378743585
2021-03-31,-1.53185591818697,-0.057355029714519,0.0452329850507201,-0.068158902713458,-0.181483155154646,-0.71975536620389,-0.372144970268867,-0.178191479182311
2021-06-30,-1.75245489322836,-0.0489326086439937,0.0444177541323336,-0.0262834903123052,-0.199180181481634,-0.819566886962048,-0.481386714265986,-0.221522765694724
2021-09-30,-1.62738611161142,-0.0356184411199311,0.0420519901747301,-0.0391414016546072,-0.211144465951022,-0.712855346046669,-0.523714060901584,-0.146964386112338
2021-12-31,-1.56005190163094,-0.0278657586864497,0.0367475213017253,0.0238115218535281,-0.183406861713473,-0.84732321911934,-0.519359285751571,-0.0426558195153578
2022-03-31,-1.02725291390226,-0.0141847698956716,0.0209059429532395,0.200032652386664,-0.0760936066532295,-0.58497349031578,-0.582401725031379,0.00946208265389477
2022-06-30,0.0394890559901309,0.0550930155722556,0.00172629707171918,0.441568075435176,0.0774262002000414,-0.0909070314719719,-0.616620873276721,0.171203372459632
2022-09-30,0.643572989872229,0.184430272397101,-0.0182639172718042,0.421822551261024,0.166066644385227,0.0224967332557471,-0.492931173386278,0.359951879231213
2022-12-30,0.999286718136177,0.276617956347935,-0.038945156944448,0.49728117780608,0.253976217353605,-0.0624948933710357,-0.32862205959857,0.40147347654261
2023-03-31,0.552060199764611,0.281834250022123,-0.0572208089643109,0.303930533544834,0.257841252457203,-0.253680940538017,-0.174728335108997,0.194084248351775
2023-06-30,0.487096974192136,0.242462215855914,-0.0701503004207895,0.292951950354305,0.28906608438427,-0.298732898464343,-0.0864189901924035,0.117918912675183
2023-09-29,0.701605786300675,0.199540868942259,-0.0740199139745935,0.320062500361202,0.356505986544354,-0.16039159876533,-0.0288112418306572,0.08871918502344
2023-12-29,0.533863361036227,0.153600838263704,-0.0737546903612761,0.265302928971536,0.369060647222753,-0.304360736859714,0.010328939427301,0.113685434371923
2024-03-29,0.075995867314203,0.115406760648003,-0.0701394766297581,0.082265145734134,0.320578904996967,-0.442665183427774,0.0143425617771866,0.0562071542154446
2024-06-28,0.106669887414361,0.0860085030408432,-0.0712745117937224,0.112298494528202,0.316405368848599,-0.427839220918417,-0.020924172214226,0.111995425923081
2024-09-30,-0.240759569703253,0.0561577660483386,-0.0694614399653513,-0.0489101953823117,0.248835220041397,-0.501000080368741,-0.0244918362844741,0.0981109962078883
2024-12-31,-0.214862663939107,-0.0229550904409195,-0.058365264053136,0.0295186904208563,0.184605035858306,-0.512884391737384,-0.0319742234527148,0.197192579465885
2025-03-31,-0.198012291666332,-0.0515881204192605,-0.0471750131976718,0.00505610742728909,0.112710921595539,-0.41324823974316,-0.0505190710643643,0.246751123735296
2025-06-30,-0.732599050545629,-0.0411274405701998,-0.0286811610255837,-0.0211732376946635,0.0297620757068073,-0.651984401777844,-0.0477974805915868,0.028402595407441
2025-09-30,-1.0342347904188,-0.0334197130232304,-0.0228739539436972,-0.0871903959129988,-0.0303911726974037,-0.757452239072256,-0.022420618221816,-0.0804866975473935
